{"cameraMode":{"drawMode":0,"name":"Shaded","section":"Shading Mode"},"sceneLighting":false,"audioPlay":false,"sceneViewState":{"showFog":true,"showMaterialUpdate":false,"showSkybox":false,"showFlares":true,"showImageEffects":true,"showParticleSystems":true},"in2DMode":false,"pivot":{"x":-10.96240520477295,"y":-0.5336511135101318,"z":0.3847624957561493},"rotation":{"x":-0.321367084980011,"y":-0.3849245607852936,"z":0.1450398862361908,"w":-0.8530065417289734},"size":7.113781929016113,"orthographic":false}