{"cameraMode":{"drawMode":0,"name":"Shaded","section":"Shading Mode"},"sceneLighting":false,"audioPlay":false,"sceneViewState":{"showFog":true,"showMaterialUpdate":false,"showSkybox":false,"showFlares":true,"showImageEffects":true,"showParticleSystems":true},"in2DMode":false,"pivot":{"x":113.54263305664063,"y":-80.08082580566406,"z":47.87348556518555},"rotation":{"x":-0.24486978352069856,"y":-0.5136235952377319,"z":0.1555766612291336,"w":-0.807626485824585},"size":84.22335052490235,"orthographic":false}