{"cameraMode":{"drawMode":0,"name":"Shaded","section":"Shading Mode"},"sceneLighting":false,"audioPlay":false,"sceneViewState":{"showFog":true,"showMaterialUpdate":false,"showSkybox":false,"showFlares":true,"showImageEffects":true,"showParticleSystems":true},"in2DMode":false,"pivot":{"x":-14.559915542602539,"y":2.7185137271881105,"z":4.246468544006348},"rotation":{"x":0.1480649709701538,"y":0.05189865082502365,"z":-0.007777795195579529,"w":0.987643301486969},"size":9.245234489440918,"orthographic":false}