{"cameraMode":{"drawMode":0,"name":"Shaded","section":"Shading Mode"},"sceneLighting":false,"audioPlay":false,"sceneViewState":{"showFog":true,"showMaterialUpdate":false,"showSkybox":false,"showFlares":true,"showImageEffects":true,"showParticleSystems":true},"in2DMode":false,"pivot":{"x":36.11151885986328,"y":-51.69092559814453,"z":11.882933616638184},"rotation":{"x":0.3866361081600189,"y":0.4672449827194214,"z":-0.23812389373779298,"w":0.7586962580680847},"size":41.797149658203128,"orthographic":false}