{"cameraMode":{"drawMode":0,"name":"Shaded","section":"Shading Mode"},"sceneLighting":false,"audioPlay":false,"sceneViewState":{"showFog":true,"showMaterialUpdate":false,"showSkybox":false,"showFlares":true,"showImageEffects":true,"showParticleSystems":true},"in2DMode":false,"pivot":{"x":-52.63451385498047,"y":-46.80217742919922,"z":-23.612205505371095},"rotation":{"x":-0.20729538798332215,"y":0.721791684627533,"z":-0.243931382894516,"w":-0.6138312816619873},"size":59.80244445800781,"orthographic":false}