{"cameraMode":{"drawMode":0,"name":"Shaded","section":"Shading Mode"},"sceneLighting":false,"audioPlay":false,"sceneViewState":{"showFog":true,"showMaterialUpdate":false,"showSkybox":false,"showFlares":true,"showImageEffects":true,"showParticleSystems":true},"in2DMode":false,"pivot":{"x":-14.863558769226075,"y":1.0,"z":-7.103466987609863},"rotation":{"x":-0.004462935496121645,"y":0.9941123127937317,"z":-0.045073699206113818,"w":-0.09843767434358597},"size":1.3946332931518555,"orthographic":false}